Row Number,Product Name,Brand,Current Category,Current Subcategory,Expected Category,Expected Subcategory,Issue Type,Reason,Confidence
3460,"Movenpick Gold Original Instant Coffee(Bottle)","Movenpick",Grocery,Coffee,Home Care,Kitchen Accessories,MISCLASSIFIED,"Coffee Mug / Crockery Set classified under Grocery -> Coffee",VERY_HIGH
3593,"UrbanGabru Men'S Hair Removal Spray(Bottle)","UrbanGabru",Grocery,Coffee,Home Care,Kitchen Accessories,MISCLASSIFIED,"Coffee Mug / Crockery Set classified under Grocery -> Coffee",VERY_HIGH
3716,"Praakritik Coconut Organic Sugar(Bottle)","Praakritik",Grocery,Sugar,Grocery,Beverages,FALSE_POSITIVE,"Zero Sugar / Sugar Free beverage classified under Grocery -> Sugar",VERY_HIGH
3964,"Davidoff Rich Aroma Instant Coffee(Glass Bottle)","Davidoff",Grocery,Coffee,Home Care,Kitchen Accessories,MISCLASSIFIED,"Coffee Mug / Crockery Set classified under Grocery -> Coffee",VERY_HIGH
4041,"Davidoff Brazil Instant Coffee 8/12 Intensity(Bottle)","Davidoff",Grocery,Coffee,Home Care,Kitchen Accessories,MISCLASSIFIED,"Coffee Mug / Crockery Set classified under Grocery -> Coffee",VERY_HIGH
4071,"Davidoff Espresso 57 Instant Coffee(Glass Bottle)","Davidoff",Grocery,Coffee,Home Care,Kitchen Accessories,MISCLASSIFIED,"Coffee Mug / Crockery Set classified under Grocery -> Coffee",VERY_HIGH
4646,"Wonderland Foods Dried Prunes(Pouch)","Wonderland Foods",Grocery,General Staples,Grocery,Dry Fruits & Nuts,MISSING_SUBCATEGORY,"Premium Dry Fruits / Nuts (Almonds, Cashews, Makhana, Raisins) falling into generic General Staples",VERY_HIGH
5117,"Parachute Advansed Refreshing Baby Powder (With Virgin Coconut Oil)(Bottle)","Parachute Advansed",Grocery,Oils,Grocery,Spices & Masalas,FALSE_POSITIVE,"Marketing claim ""With Natural Oils"" triggered Oils subcategory for spice product",VERY_HIGH
5272,"Tipsy Tiger Premium Tonic Water (Low Calorie & Sugar)(Can)","Tipsy Tiger",Grocery,Sugar,Grocery,Beverages,FALSE_POSITIVE,"Zero Sugar / Sugar Free beverage classified under Grocery -> Sugar",VERY_HIGH
5321,"Epigamia Turbo 30g Protein Milkshake Coffee(Bottle)","Epigamia",Grocery,Coffee,Home Care,Kitchen Accessories,MISCLASSIFIED,"Coffee Mug / Crockery Set classified under Grocery -> Coffee",VERY_HIGH
5532,"So Good Plant Based Oat Oat Beverage Unsweetened | Lactose Free | No Added Sugar |Gluten Free | No Preservatives | Zero Cholesterol | Dairy Free| Source Of Calcium & Vitamins(Tetra Pack)","So Good",Grocery,Sugar,Grocery,Beverages,FALSE_POSITIVE,"Zero Sugar / Sugar Free beverage classified under Grocery -> Sugar",VERY_HIGH
5789,"Orbit Mixed Fruit Flavour Chewing Gum (Sugar Free)(Bottle)","Orbit",Grocery,Sugar,Grocery,Beverages,FALSE_POSITIVE,"Zero Sugar / Sugar Free beverage classified under Grocery -> Sugar",VERY_HIGH
5835,"The Select Aisle Sugar Ball Sprinkles(Bottle)","The Select Aisle",Grocery,Sugar,Grocery,Beverages,FALSE_POSITIVE,"Zero Sugar / Sugar Free beverage classified under Grocery -> Sugar",VERY_HIGH
5916,"Amul Kool Cafe Milk 'N' Coffee Flavoured Milk(Bottle)","Amul Kool Cafe",Grocery,Coffee,Home Care,Kitchen Accessories,MISCLASSIFIED,"Coffee Mug / Crockery Set classified under Grocery -> Coffee",VERY_HIGH
5929,"The Baker'S Dozen Zero Maida Pita Bread, Whole Wheat(Pouch)","The Baker'S Dozen",Grocery,Flours,Grocery,Biscuits & Cookies,FALSE_POSITIVE,"Claim ""Zero Maida"" or bakery ingredient triggered Flours subcategory for bakery/cookie product",VERY_HIGH
6437,"Mother Dairy Coffee Flavoured Milk(Bottle)","Mother Dairy",Grocery,Coffee,Home Care,Kitchen Accessories,MISCLASSIFIED,"Coffee Mug / Crockery Set classified under Grocery -> Coffee",VERY_HIGH
7782,"Tata Sampann Dry Ginger Powder (Natural Oils)(Box)","Tata Sampann",Grocery,Oils,Grocery,Spices & Masalas,FALSE_POSITIVE,"Marketing claim ""With Natural Oils"" triggered Oils subcategory for spice product",VERY_HIGH